Predicted,Actual
10.30591106414795,7.1599
11.775069236755371,11.218
14.921673774719238,12.759
20.596792221069336,25.391
19.154762268066406,18.0
15.675692558288574,11.484
27.035694122314453,25.236
15.125800132751465,17.928
19.83384132385254,28.092
17.685548782348633,16.149
